,loop_image_ori1292_image.png,loop_image_ori1296_image.png,loop_image_ori1301_image.png,loop_image_ori1302_image.png,loop_image_ori1304_image.png,loop_image_ori20_image.png,loop_image_ori21_image.png,loop_image_ori22_image.png,loop_image_ori23_image.png
loop_image_ori1292_image.png,0.9999999998513224,0.9038396095501826,0.8635444319191827,0.8797456600691778,0.8563757479008852,0.8256031412214039,0.8188969767303795,0.8165234093218717,0.8246533938515379
loop_image_ori1296_image.png,0.9038396095501826,0.9999998864191881,0.8920774912567346,0.9107256206900093,0.8913334331723329,0.8353187736653611,0.8306036267101949,0.823638836953154,0.832103332001566
loop_image_ori1301_image.png,0.8635444319191827,0.8920774912567346,0.9999999998513224,0.945239616168464,0.9256144957631713,0.843499045456613,0.8416649612784453,0.8440018333915336,0.8509735026970884
loop_image_ori1302_image.png,0.8797456600691778,0.9107256206900093,0.945239616168464,0.9999999998513224,0.9561128802581811,0.8633875552775595,0.858122262471437,0.8609057168969408,0.8637179985432943
loop_image_ori1304_image.png,0.8563757479008852,0.8913334331723329,0.9256144957631713,0.9561128802581811,0.9999999998513224,0.8639112714412431,0.8622689442859706,0.8600643907574473,0.8572743167417706
loop_image_ori20_image.png,0.8256031412214039,0.8353187736653611,0.843499045456613,0.8633875552775595,0.8639112714412431,0.9999999998513224,0.9602795828444042,0.9487672421105038,0.9399598108596483
loop_image_ori21_image.png,0.8188969767303795,0.8306036267101949,0.8416649612784453,0.858122262471437,0.8622689442859706,0.9602795828444042,0.9999999998513224,0.9642975759026676,0.935162936595898
loop_image_ori22_image.png,0.8165234093218717,0.823638836953154,0.8440018333915336,0.8609057168969408,0.8600643907574473,0.9487672421105038,0.9642975759026676,0.9999999998513224,0.9443604667235198
loop_image_ori23_image.png,0.8246533938515379,0.832103332001566,0.8509735026970884,0.8637179985432943,0.8572743167417706,0.9399598108596483,0.935162936595898,0.9443604667235198,0.9999998864192139
