,loop_image_ori1292_image.png,loop_image_ori1296_image.png,loop_image_ori1301_image.png,loop_image_ori1302_image.png,loop_image_ori1304_image.png,loop_image_ori20_image.png,loop_image_ori21_image.png,loop_image_ori22_image.png,loop_image_ori23_image.png
loop_image_ori1292_image.png,0.9999999900000002,0.8134809055042596,0.7480554505882931,0.7090863514563472,0.6449818546646835,0.5523298327526112,0.541300172161156,0.5416682904436076,0.5686280670523668
loop_image_ori1296_image.png,0.8134809055042596,0.9999999900000002,0.8145911612113882,0.7322992013180603,0.6442164118241324,0.5213968105628569,0.5171269126677812,0.5149279781347168,0.5606149975028283
loop_image_ori1301_image.png,0.7480554505882931,0.8145911612113882,0.9999999900000002,0.8179591812353862,0.7376877591750939,0.5978536546049595,0.5839198173305101,0.5881183684665031,0.6241810855436201
loop_image_ori1302_image.png,0.7090863514563472,0.7322992013180603,0.8179591812353862,0.9999999900000002,0.839686981387371,0.6482525403047366,0.6349155839370991,0.6464811498843707,0.6929165055601538
loop_image_ori1304_image.png,0.6449818546646835,0.6442164118241324,0.7376877591750939,0.839686981387371,0.9999999900000002,0.7086413431829043,0.689920418515835,0.7158739495215584,0.6937056114444442
loop_image_ori20_image.png,0.5523298327526112,0.5213968105628569,0.5978536546049595,0.6482525403047366,0.7086413431829043,0.9999999900000002,0.9251908567415913,0.9261330869567783,0.7867109696872117
loop_image_ori21_image.png,0.541300172161156,0.5171269126677812,0.5839198173305101,0.6349155839370991,0.689920418515835,0.9251908567415913,0.9999999900000002,0.9119305519463684,0.7773160856716634
loop_image_ori22_image.png,0.5416682904436076,0.5149279781347168,0.5881183684665031,0.6464811498843707,0.7158739495215584,0.9261330869567783,0.9119305519463684,0.9999999900000002,0.7802426140962251
loop_image_ori23_image.png,0.5686280670523668,0.5606149975028283,0.6241810855436201,0.6929165055601538,0.6937056114444442,0.7867109696872117,0.7773160856716634,0.7802426140962251,0.9999999900000002
