,loop_image_ori1292_image.png,loop_image_ori1296_image.png,loop_image_ori1301_image.png,loop_image_ori1302_image.png,loop_image_ori1304_image.png,loop_image_ori20_image.png,loop_image_ori21_image.png,loop_image_ori22_image.png,loop_image_ori23_image.png
loop_image_ori1292_image.png,0.999999999803872,0.916586701870372,0.8738148638057096,0.8840407496898489,0.8767681449015743,0.8185937619424931,0.8187323437039725,0.8196694199329149,0.8188193806053058
loop_image_ori1296_image.png,0.916586701870372,0.9999999247565906,0.9115811587431336,0.9158195852219428,0.9063724834631534,0.8198253807961402,0.8236402719950611,0.823729227740048,0.8198791846528403
loop_image_ori1301_image.png,0.8738148638057096,0.9115811587431336,0.999999999797119,0.9500975646366503,0.9302953739698069,0.8310378607146492,0.839042711512813,0.8421700490289942,0.8371961197127856
loop_image_ori1302_image.png,0.8840407496898489,0.9158195852219428,0.9500975646366503,0.9999999241657339,0.9576172597737189,0.8455759652835221,0.8506963800728349,0.8539547282030844,0.8464991295947637
loop_image_ori1304_image.png,0.8767681449015743,0.9063724834631534,0.9302953739698069,0.9576172597737189,1.000000077362723,0.8536648504447313,0.8579126491164255,0.8606817773803699,0.8465700049358763
loop_image_ori20_image.png,0.8185937619424931,0.8198253807961402,0.8310378607146492,0.8455759652835221,0.8536648504447313,0.9999999997950123,0.9663602819706341,0.954628712863286,0.9422579251346108
loop_image_ori21_image.png,0.8187323437039725,0.8236402719950611,0.839042711512813,0.8506963800728349,0.8579126491164255,0.9663602819706341,0.9999999215491098,0.9695060085261076,0.9454291860437886
loop_image_ori22_image.png,0.8196694199329149,0.823729227740048,0.8421700490289942,0.8539547282030844,0.8606817773803699,0.954628712863286,0.9695060085261076,0.9999999997917333,0.9487814995179286
loop_image_ori23_image.png,0.8188193806053058,0.8198791846528403,0.8371961197127856,0.8464991295947637,0.8465700049358763,0.9422579251346108,0.9454291860437886,0.9487814995179286,0.9999999997946454
