,loop_image_ori1292_image.png,loop_image_ori1296_image.png,loop_image_ori1301_image.png,loop_image_ori1302_image.png,loop_image_ori1304_image.png,loop_image_ori20_image.png,loop_image_ori21_image.png,loop_image_ori22_image.png,loop_image_ori23_image.png
loop_image_ori1292_image.png,0.9999999998462846,0.9188255626904837,0.9087452019712249,0.9080950263570619,0.8921087865336124,0.8408576547864813,0.8432770679161087,0.8380930784210414,0.8517899823563099
loop_image_ori1296_image.png,0.9188255626904837,0.9999998825707548,0.9244424250783302,0.921477347855195,0.902342320565775,0.8552389974581724,0.8545232232381885,0.850295792210923,0.864623871441945
loop_image_ori1301_image.png,0.9087452019712249,0.9244424250783302,0.9999998825707548,0.9537964315812026,0.9309684564921578,0.8819707848846348,0.8795836553149168,0.8740032751366527,0.8855169762004952
loop_image_ori1302_image.png,0.9080950263570619,0.921477347855195,0.9537964315812026,0.9999998825707548,0.959259712142835,0.8872166372289932,0.8825701939600286,0.8815213988958946,0.8884598883484742
loop_image_ori1304_image.png,0.8921087865336124,0.902342320565775,0.9309684564921578,0.959259712142835,0.9999998825707548,0.9005162116222734,0.8930197368653168,0.8949378954327969,0.8989957460437885
loop_image_ori20_image.png,0.8408576547864813,0.8552389974581724,0.8819707848846348,0.8872166372289932,0.9005162116222734,0.9999999998462846,0.9694779841236223,0.9668049226565197,0.9513707574549448
loop_image_ori21_image.png,0.8432770679161087,0.8545232232381885,0.8795836553149168,0.8825701939600286,0.8930197368653168,0.9694779841236223,0.9999998825707548,0.9627578066494867,0.9468250463424785
loop_image_ori22_image.png,0.8380930784210414,0.850295792210923,0.8740032751366527,0.8815213988958946,0.8949378954327969,0.9668049226565197,0.9627578066494867,0.9999998825707548,0.9432364151267235
loop_image_ori23_image.png,0.8517899823563099,0.864623871441945,0.8855169762004952,0.8884598883484742,0.8989957460437885,0.9513707574549448,0.9468250463424785,0.9432364151267235,0.9999998825707548
